dataset_id,dataset_title,dataset_slug,dataset_page,resource_id,resource_title,resource_url,resource_last_modified,organization_or_owner,error_type,resource_found_by,initial_version_name,is_valid_v_0.1.1,is_valid_one_version,most_recent_valid_version
605c48e931cec66d3952746b,Lieux d'inclusion numérique de la Ville d'Antibes,lieux-dinclusion-numerique-de-la-ville-dantibes,https://www.data.gouv.fr/fr/datasets/lieux-dinclusion-numerique-de-la-ville-dantibes/,387738dc-f999-471c-8886-779ed743c985,antibes-inclusion-num.csv,https://static.data.gouv.fr/resources/lieux-dinclusion-numerique-de-la-ville-dantibes/20210325-092531/antibes-inclusion-num.csv,2021-03-25T09:25:37.625000,ville-dantibes,,1 - schema request,,False,False,
605c48e931cec66d3952746b,Lieux d'inclusion numérique de la Ville d'Antibes,lieux-dinclusion-numerique-de-la-ville-dantibes,https://www.data.gouv.fr/fr/datasets/lieux-dinclusion-numerique-de-la-ville-dantibes/,97dcaf0d-1f60-45c6-a3e1-0491c91b283e,antibes-inclusion-num.xls,https://static.data.gouv.fr/resources/lieux-dinclusion-numerique-de-la-ville-dantibes/20210325-092518/antibes-inclusion-num.xls,2021-03-25T09:25:24.645000,,wrong-file-format,1 - schema request,,False,False,
5d3800838b4c417b37569f94,Résultats de l'AAP Pass Numériques,resultats-de-laap-pass-numeriques,https://www.data.gouv.fr/fr/datasets/resultats-de-laap-pass-numeriques/,c380f91f-206d-4fd8-91e5-44be9e659b58,Lauréats AAP Pass Numérique (csv),https://static.data.gouv.fr/resources/resultats-de-laap-pass-numeriques/20190920-112347/laureats-aap-pass-num.csv,2019-09-20T11:24:03.787000,mission-tres-haut-debit,,3 - search request,,False,False,
602e7220e7fbf497c82826c8,Lieux d'inclusion numérique à Saint-Germain-en-Laye,lieux-dinclusion-numerique-a-saint-germain-en-laye,https://www.data.gouv.fr/fr/datasets/lieux-dinclusion-numerique-a-saint-germain-en-laye/,8d999ee1-ffd8-4978-847e-dff2f4242d57,SGEL_lieux_inclusion_numérique,https://static.data.gouv.fr/resources/lieux-dinclusion-numerique-a-saint-germain-en-laye/20210218-145959/workflow-132570-reordercolumns-584332-1-.csv,2021-02-18T15:00:35.202000,commune-de-saint-germain-en-laye,,3 - search request,,False,False,
5ce8864f06e3e760b2d57ebe,"SUD LABS, lieux d’innovation et de médiation numérique en région Sud Provence-Alpes-Côte d'Azur",sud-labs-lieux-dinnovation-et-de-mediation-numerique-en-region-sud-provence-alpes-cote-dazur,https://www.data.gouv.fr/fr/datasets/sud-labs-lieux-dinnovation-et-de-mediation-numerique-en-region-sud-provence-alpes-cote-dazur/,09ca1d38-90bb-4dc4-bf47-cd2be05f91e3,RegionSud_LDN_SudLabs-2021.xlsx,https://trouver.datasud.fr/dataset/743b9e75-6ffb-4a1e-8703-5e5e4727a773/resource/09ca1d38-90bb-4dc4-bf47-cd2be05f91e3/download/20210121ldn_cartesudlabs_qu7t0l6.xlsx,2021-07-30T00:00:00,,wrong-file-format,3 - search request,,False,False,
5ce8864f06e3e760b2d57ebe,"SUD LABS, lieux d’innovation et de médiation numérique en région Sud Provence-Alpes-Côte d'Azur",sud-labs-lieux-dinnovation-et-de-mediation-numerique-en-region-sud-provence-alpes-cote-dazur,https://www.data.gouv.fr/fr/datasets/sud-labs-lieux-dinnovation-et-de-mediation-numerique-en-region-sud-provence-alpes-cote-dazur/,4392f2f5-b60d-4c98-a853-6144b6790d31,RegionSud_LDN_SudLabs-2021.xlsx,https://trouver.datasud.fr/dataset/743b9e75-6ffb-4a1e-8703-5e5e4727a773/resource/4392f2f5-b60d-4c98-a853-6144b6790d31/download/20210121ldn_cartesudlabs_qu7t0l6.xlsx,2021-07-19T00:00:00,,wrong-file-format,3 - search request,,False,False,
5ce8864f06e3e760b2d57ebe,"SUD LABS, lieux d’innovation et de médiation numérique en région Sud Provence-Alpes-Côte d'Azur",sud-labs-lieux-dinnovation-et-de-mediation-numerique-en-region-sud-provence-alpes-cote-dazur,https://www.data.gouv.fr/fr/datasets/sud-labs-lieux-dinnovation-et-de-mediation-numerique-en-region-sud-provence-alpes-cote-dazur/,a37ab3a7-96e9-43b3-8ea8-87ed5857635b,RegionSud_LDN_Carte_SudLabs-2021.xlsx,https://trouver.datasud.fr/dataset/743b9e75-6ffb-4a1e-8703-5e5e4727a773/resource/a37ab3a7-96e9-43b3-8ea8-87ed5857635b/download/20210121ldn_cartesudlabs_xsb2ar8.xlsx,2021-07-05T00:00:00,,wrong-file-format,3 - search request,,False,False,
5ce8864f06e3e760b2d57ebe,"SUD LABS, lieux d’innovation et de médiation numérique en région Sud Provence-Alpes-Côte d'Azur",sud-labs-lieux-dinnovation-et-de-mediation-numerique-en-region-sud-provence-alpes-cote-dazur,https://www.data.gouv.fr/fr/datasets/sud-labs-lieux-dinnovation-et-de-mediation-numerique-en-region-sud-provence-alpes-cote-dazur/,ceaf5aa9-7403-4738-a9ce-cf871bb09d46,RegionSud_LDN_SudLabs_ Schema_Inclusion_numerique.csv,https://trouver.datasud.fr/dataset/743b9e75-6ffb-4a1e-8703-5e5e4727a773/resource/ceaf5aa9-7403-4738-a9ce-cf871bb09d46/download/20210706_ldn_sudlabs_-schema-inclusion-numerique.csv,2021-07-06T00:00:00,region-provence-alpes-cote-dazur,,3 - search request,,False,False,
5ce8864f06e3e760b2d57ebe,"SUD LABS, lieux d’innovation et de médiation numérique en région Sud Provence-Alpes-Côte d'Azur",sud-labs-lieux-dinnovation-et-de-mediation-numerique-en-region-sud-provence-alpes-cote-dazur,https://www.data.gouv.fr/fr/datasets/sud-labs-lieux-dinnovation-et-de-mediation-numerique-en-region-sud-provence-alpes-cote-dazur/,6467aaef-0cdd-42a2-b6a6-343efcae35fa,RegionSud_LDN_SudLabs_ Schema_Inclusion_numerique.xlsx,https://trouver.datasud.fr/dataset/743b9e75-6ffb-4a1e-8703-5e5e4727a773/resource/6467aaef-0cdd-42a2-b6a6-343efcae35fa/download/20210706_ldn_sudlabs_-schema-inclusion-numerique.xlsx,2021-07-06T00:00:00,,wrong-file-format,3 - search request,,False,False,
5ce8864f06e3e760b2d57ebe,"SUD LABS, lieux d’innovation et de médiation numérique en région Sud Provence-Alpes-Côte d'Azur",sud-labs-lieux-dinnovation-et-de-mediation-numerique-en-region-sud-provence-alpes-cote-dazur,https://www.data.gouv.fr/fr/datasets/sud-labs-lieux-dinnovation-et-de-mediation-numerique-en-region-sud-provence-alpes-cote-dazur/,e322a181-6783-4ce8-b7f5-5fb8d35381e4,RegionSUD_enquete_Lieux d'Innovation_ Mediation Numerique_2018.xls,https://trouver.datasud.fr/dataset/743b9e75-6ffb-4a1e-8703-5e5e4727a773/resource/e322a181-6783-4ce8-b7f5-5fb8d35381e4/download/regionsud_enquete_lieux-dinnovation_-mediation-numerique_2018.xls,2019-05-09T00:00:00,,wrong-file-format,3 - search request,,False,False,
6066978d74f1b09ab31b86bd,Réseau parisien d'inclusion numérique,reseau-parisien-dinclusion-numerique,https://www.data.gouv.fr/fr/datasets/reseau-parisien-dinclusion-numerique/,1343826f-2733-4394-8ebf-3cc1bdeddf99,Export au format Shapefile,https://opendata.paris.fr/explore/dataset/reseau-parisien-dinclusion-numerique/download?format=shp&timezone=Europe/Berlin&use_labels_for_header=false,2021-04-01T07:51:32,,wrong-file-format,3 - search request,,False,False,
6066978d74f1b09ab31b86bd,Réseau parisien d'inclusion numérique,reseau-parisien-dinclusion-numerique,https://www.data.gouv.fr/fr/datasets/reseau-parisien-dinclusion-numerique/,83be7748-863b-4530-b2f9-2bcddd47d738,Export au format GeoJSON,https://opendata.paris.fr/explore/dataset/reseau-parisien-dinclusion-numerique/download?format=geojson&timezone=Europe/Berlin&use_labels_for_header=false,2021-04-01T07:51:32,,wrong-file-format,3 - search request,,False,False,
6066978d74f1b09ab31b86bd,Réseau parisien d'inclusion numérique,reseau-parisien-dinclusion-numerique,https://www.data.gouv.fr/fr/datasets/reseau-parisien-dinclusion-numerique/,e251a14b-3cb6-488a-92f8-29f99f0b01cd,Export au format JSON,https://opendata.paris.fr/explore/dataset/reseau-parisien-dinclusion-numerique/download?format=json&timezone=Europe/Berlin&use_labels_for_header=false,2021-04-01T07:51:32,,wrong-file-format,3 - search request,,False,False,
6066978d74f1b09ab31b86bd,Réseau parisien d'inclusion numérique,reseau-parisien-dinclusion-numerique,https://www.data.gouv.fr/fr/datasets/reseau-parisien-dinclusion-numerique/,6af73d6e-7a7f-448b-9b2d-bfe46f575433,Export au format CSV,https://opendata.paris.fr/explore/dataset/reseau-parisien-dinclusion-numerique/download?format=csv&timezone=Europe/Berlin&use_labels_for_header=false,2021-04-01T07:51:32,mairie-de-paris,,3 - search request,,False,False,
60229f22f299d05771747088,2021 - Les lieux d'inclusion numérique en Île-de-France,2021-les-lieux-dinclusion-numerique-en-ile-de-france,https://www.data.gouv.fr/fr/datasets/2021-les-lieux-dinclusion-numerique-en-ile-de-france/,efa59983-732f-46f3-87c9-5b86e4908647,Lieux de médiation numérique en Ile-de-France,https://static.data.gouv.fr/resources/2021-les-lieux-dinclusion-numerique-en-ile-de-france/20210604-121821/normalise-hub-francilin-juin21-lieux-inclusion-numerique.xlsx,2021-06-04T12:18:52.047000,,wrong-file-format,3 - search request,,False,False,
5e7a3a244baa3587a570aa88,Activités du lieu d'inclusion numérique de la Ville d'Antibes,activites-du-lieu-dinclusion-numerique-de-la-ville-dantibes,https://www.data.gouv.fr/fr/datasets/activites-du-lieu-dinclusion-numerique-de-la-ville-dantibes/,60310a74-448f-4d6b-bd2d-91d64cb1b224,antibes-espace-num.xls,https://static.data.gouv.fr/resources/espace-numerique-de-la-ville-dantibes/20210118-142125/antibes-espace-num.xls,2021-01-18T14:21:29.105000,,wrong-file-format,3 - search request,,False,False,
5e7a3a244baa3587a570aa88,Activités du lieu d'inclusion numérique de la Ville d'Antibes,activites-du-lieu-dinclusion-numerique-de-la-ville-dantibes,https://www.data.gouv.fr/fr/datasets/activites-du-lieu-dinclusion-numerique-de-la-ville-dantibes/,2cd062a3-5575-4a24-aaf6-7ca0b6864673,antibes-espace-num.csv,https://static.data.gouv.fr/resources/espace-numerique-de-la-ville-dantibes/20210118-142137/antibes-espace-num.csv,2021-01-18T14:21:40.906000,ville-dantibes,,3 - search request,,False,False,
5d3800838b4c417b37569f94,Résultats de l'AAP Pass Numériques,resultats-de-laap-pass-numeriques,https://www.data.gouv.fr/fr/datasets/resultats-de-laap-pass-numeriques/,ba9a9ee9-b8ce-4cdf-b0a9-76da4ff4b2fb,Lauréats AAP Pass Numérique,https://static.data.gouv.fr/resources/resultats-de-laap-pass-numeriques/20190920-112312/laureats-aap-pass-num.xlsx,2019-09-20T11:23:37.129000,,wrong-file-format,3 - search request,,False,False,
5d3800838b4c417b37569f94,Résultats de l'AAP Pass Numériques,resultats-de-laap-pass-numeriques,https://www.data.gouv.fr/fr/datasets/resultats-de-laap-pass-numeriques/,d92626e1-754c-4851-be63-8973aa2b6326,Documentation - critères,https://static.data.gouv.fr/resources/resultats-de-laap-pass-numeriques/20190724-085614/app-pass-1-.pdf,2019-07-24T08:57:08.144000,,wrong-file-format,3 - search request,,False,False,
